SavingsID,Age,Work_Exp,Annual_Income,ZIP,FamilySize,Edu_Level,OtherLoan_Monthly,Securities_Account,CD_Account,Online_Services,CreditCard,CC_Spend,PersonalLoan
1614402,62,37,930000,93003,3,Master's and above,0,No,Yes,Yes,Yes,30000,
1614803,61,35,810000,94709,4,Bachelor's,0,No,No,No,No,0,
1615204,59,34,600000,94015,4,Higher Secondary,0,No,No,Yes,No,0,
1615605,47,21,390000,92612,3,Bachelor's,0,No,No,Yes,Yes,6000,
1616006,65,39,220000,92507,3,Bachelor's,0,No,No,No,No,0,
1616407,56,32,320000,95827,2,Higher Secondary,7900,Yes,No,Yes,No,0,
1616808,56,32,280000,92130,1,Master's and above,0,No,No,Yes,No,0,
1617209,31,7,350000,91745,2,Bachelor's,0,No,No,No,Yes,10000,
1617610,61,31,1540000,94555,3,Master's and above,35100,No,Yes,Yes,Yes,75000,
1618011,42,18,1890000,91605,2,Higher Secondary,0,No,No,Yes,No,0,
1618412,44,19,400000,94618,4,Master's and above,8400,No,No,No,No,0,
1618813,47,21,880000,94304,2,Bachelor's,0,No,No,Yes,No,0,
1619214,30,6,1240000,91320,2,Higher Secondary,0,No,No,Yes,No,0,
1619615,62,38,230000,91304,2,Master's and above,0,No,No,No,No,0,
1620016,56,32,230000,94720,4,Higher Secondary,0,No,No,Yes,Yes,7000,
1620417,25,-1,1390000,93106,2,Higher Secondary,0,No,No,No,Yes,20000,
1620818,53,28,1730000,91614,4,Higher Secondary,42700,No,No,Yes,No,0,
1621219,26,0,420000,92009,4,Master's and above,15300,No,No,Yes,No,0,
1621620,59,35,1610000,94301,1,Higher Secondary,16000,No,No,No,Yes,29000,
1622021,62,36,280000,95020,3,Bachelor's,0,No,No,Yes,No,0,
1622422,58,32,1910000,93943,4,Master's and above,19400,No,No,No,Yes,52000,
1622823,40,14,420000,90638,2,Higher Secondary,10600,No,No,No,Yes,3000,
1623224,35,5,810000,94234,4,Master's and above,0,No,No,Yes,No,0,
1623625,51,25,1750000,90089,3,Higher Secondary,31200,No,No,No,No,0,
1624026,41,15,820000,94720,3,Higher Secondary,0,No,No,Yes,No,0,
1624427,51,27,530000,94114,1,Master's and above,0,No,No,No,Yes,18000,
1624828,27,1,1420000,92038,3,Higher Secondary,0,No,No,No,No,0,
1625229,46,21,420000,93727,4,Master's and above,0,No,No,Yes,No,0,
1625630,46,20,640000,94117,4,Higher Secondary,18900,No,No,No,No,0,
1626031,31,5,900000,94301,2,Higher Secondary,0,Yes,No,Yes,No,0,
1626432,58,32,440000,92354,1,Bachelor's,0,No,No,No,No,0,
1626833,42,18,290000,91320,1,Master's and above,0,No,No,Yes,No,0,
1627234,59,35,930000,94301,2,Higher Secondary,0,No,No,No,Yes,16000,
1627635,54,24,690000,93117,3,Master's and above,13200,No,No,Yes,No,0,
1628036,35,11,820000,94022,2,Bachelor's,0,No,No,Yes,Yes,17000,
1628437,34,9,1800000,93955,2,Master's and above,0,No,Yes,Yes,No,0,
1628838,46,21,130000,93117,2,Master's and above,0,No,No,Yes,No,0,
1629239,52,28,720000,91335,1,Higher Secondary,17800,No,No,No,No,0,
1629640,55,30,540000,91367,3,Higher Secondary,0,No,No,Yes,No,0,
1630041,34,9,1040000,92152,1,Higher Secondary,0,No,No,Yes,Yes,46000,
1630442,57,32,440000,90266,2,Bachelor's,15700,No,No,No,No,0,
1630843,45,19,400000,95060,1,Higher Secondary,0,Yes,Yes,Yes,Yes,2000,
1631244,29,3,1900000,92612,2,Higher Secondary,24600,No,No,Yes,Yes,45000,
1631645,49,23,640000,94588,4,Higher Secondary,0,No,No,Yes,Yes,26000,
1632046,36,11,90000,90266,2,Bachelor's,9900,Yes,No,No,No,0,
1632447,57,31,380000,94720,4,Bachelor's,0,No,No,Yes,No,0,
1632848,25,0,720000,94303,3,Master's and above,0,No,No,Yes,No,0,
1633249,43,17,820000,94114,1,Higher Secondary,7900,No,No,Yes,No,0,
1633650,27,2,480000,90049,2,Master's and above,11900,Yes,No,Yes,No,0,
1634051,54,28,820000,94122,4,Master's and above,29400,No,No,No,No,0,
1634452,53,26,140000,94590,2,Bachelor's,8300,No,No,No,No,0,
1634853,55,29,1620000,93105,1,Higher Secondary,0,No,No,Yes,Yes,29000,
1635254,43,19,540000,94608,2,Higher Secondary,0,No,No,Yes,No,0,
1635655,35,11,900000,94720,2,Higher Secondary,0,No,No,No,No,0,
1636056,59,34,640000,94116,4,Higher Secondary,0,No,No,No,No,0,
1636457,42,18,650000,93460,3,Master's and above,0,No,No,Yes,Yes,21000,
1636858,51,25,1130000,91320,2,Higher Secondary,0,No,No,No,No,0,
1637259,57,32,380000,90740,2,Master's and above,0,No,No,No,No,0,
1637660,39,15,650000,92037,1,Master's and above,0,No,No,No,No,0,
1638061,53,27,390000,91330,4,Master's and above,0,No,No,Yes,No,0,
1638462,31,6,1740000,93023,2,Higher Secondary,0,No,No,Yes,Yes,67000,
1638863,33,3,590000,91040,2,Master's and above,0,No,No,Yes,No,0,
1639264,38,14,430000,95053,2,Higher Secondary,0,No,No,Yes,No,0,
1639665,47,21,240000,94108,2,Master's and above,0,No,No,No,Yes,1000,
1640066,63,39,500000,94402,3,Bachelor's,16600,No,No,No,No,0,
1640467,44,19,680000,94305,1,Master's and above,0,No,No,Yes,No,0,
1640868,61,37,610000,94122,3,Master's and above,0,No,No,Yes,No,0,
1641269,52,28,210000,94025,4,Bachelor's,0,No,No,Yes,No,0,
1641670,59,34,210000,95035,2,Bachelor's,0,No,No,Yes,No,0,
1642071,56,32,310000,94596,4,Higher Secondary,0,No,No,No,No,0,
1642472,58,33,700000,94720,4,Higher Secondary,0,Yes,No,No,No,0,
1642873,30,6,250000,94304,3,Bachelor's,13500,No,No,No,Yes,10000,
1643274,42,17,780000,92521,1,Master's and above,0,No,No,Yes,No,0,
1643675,51,27,190000,92120,1,Higher Secondary,0,No,No,No,No,0,
1644076,60,35,230000,94608,1,Master's and above,0,No,No,Yes,No,0,
1644477,30,4,400000,90601,4,Higher Secondary,0,No,No,Yes,No,0,
1644878,49,23,220000,92220,1,Master's and above,0,No,No,No,No,0,
1645279,26,0,710000,92093,4,Bachelor's,0,Yes,No,Yes,No,0,
1645680,36,12,580000,91320,1,Bachelor's,0,No,No,No,No,0,
1646081,65,40,750000,90036,3,Higher Secondary,0,No,No,Yes,No,0,
1646482,27,0,400000,90068,1,Bachelor's,11000,No,No,No,Yes,20000,
1646883,60,35,1550000,92521,1,Master's and above,0,No,No,No,Yes,15000,
1647284,32,6,830000,90036,4,Bachelor's,0,No,No,No,No,0,
1647685,46,20,990000,94302,3,Higher Secondary,0,No,No,No,No,0,
1648086,60,36,590000,94124,1,Bachelor's,0,Yes,No,No,No,0,
1648487,28,2,530000,94609,3,Bachelor's,0,No,No,Yes,No,0,
1648888,50,26,110000,93106,4,Higher Secondary,0,Yes,No,No,No,0,
1649289,52,28,1790000,94583,4,Master's and above,0,No,No,No,No,0,
1649690,29,-1,710000,94801,2,Master's and above,0,No,No,No,No,0,
1650091,30,4,850000,94234,4,Master's and above,0,No,No,Yes,No,0,
1650492,42,18,490000,92717,3,Master's and above,0,Yes,No,Yes,No,0,
1650893,32,6,1220000,94025,2,Higher Secondary,0,No,No,Yes,Yes,13000,
1651294,40,15,1710000,94539,2,Higher Secondary,0,No,No,Yes,No,0,
1651695,49,24,1380000,93111,2,Bachelor's,0,No,No,Yes,No,0,
1652096,53,23,80000,95616,4,Master's and above,0,Yes,No,Yes,No,0,
1652497,42,17,590000,94105,4,Higher Secondary,0,No,No,Yes,No,0,
1652898,38,14,490000,90740,3,Higher Secondary,0,No,No,No,No,0,
1653299,60,34,920000,95670,2,Higher Secondary,0,No,No,No,No,0,
1653700,27,3,750000,90032,4,Higher Secondary,0,No,No,No,No,0,
1654101,61,35,600000,92831,1,Bachelor's,0,No,No,Yes,Yes,28000,
1654502,27,2,410000,90254,2,Bachelor's,0,No,No,Yes,No,0,
1654903,45,21,400000,93460,3,Bachelor's,0,No,No,Yes,Yes,6000,
1655304,41,16,810000,94305,2,Higher Secondary,14600,No,No,Yes,Yes,4000,
1655705,44,20,520000,94143,1,Master's and above,19600,No,No,No,Yes,8000,
1656106,38,14,250000,95616,4,Higher Secondary,0,No,No,No,No,0,
1656507,39,15,1390000,91801,1,Higher Secondary,35300,No,No,Yes,No,0,
1656908,48,22,540000,93106,1,Bachelor's,0,No,No,No,No,0,
1657309,47,22,810000,94123,1,Higher Secondary,0,No,No,No,Yes,29000,
1657710,64,39,730000,94025,3,Higher Secondary,0,Yes,No,No,Yes,22000,
1658111,27,0,300000,93107,4,Master's and above,0,No,No,Yes,Yes,10000,
1658512,66,41,590000,95617,3,Higher Secondary,0,No,No,No,No,0,
1658913,43,17,210000,95351,3,Higher Secondary,0,No,No,No,No,0,
1659314,34,9,650000,95014,3,Bachelor's,10400,No,No,Yes,No,0,
1659715,28,2,410000,93118,3,Bachelor's,16100,No,No,Yes,No,0,
1660116,52,28,520000,92126,4,Master's and above,12100,No,No,No,No,0,
1660517,45,20,840000,94131,4,Bachelor's,18000,No,No,Yes,No,0,
1660918,24,-2,1350000,90065,2,Higher Secondary,0,No,No,Yes,No,0,
1661319,39,14,180000,92037,4,Master's and above,0,Yes,No,No,No,0,
1661720,40,16,340000,93561,1,Higher Secondary,0,No,No,Yes,Yes,7000,
1662121,30,5,850000,92624,4,Master's and above,0,No,No,Yes,No,0,
1662522,49,23,230000,94080,1,Master's and above,0,No,No,No,No,0,
1662923,53,27,650000,91711,4,Bachelor's,0,No,No,No,Yes,28000,
1663324,56,30,1950000,90089,1,Higher Secondary,0,No,No,No,No,0,
1663725,50,24,400000,93460,4,Higher Secondary,8900,No,No,Yes,No,0,
1664126,53,29,1410000,90064,2,Master's and above,0,No,No,No,No,0,
1664527,60,34,950000,94104,2,Bachelor's,32200,No,No,Yes,Yes,7000,
1664928,58,33,230000,90095,3,Bachelor's,13100,No,No,No,No,0,
1665329,43,19,820000,95758,2,Bachelor's,0,No,No,Yes,Yes,18000,
1665730,46,21,530000,93555,4,Master's and above,0,No,No,No,No,0,
1666131,29,3,100000,91320,4,Higher Secondary,8700,No,No,Yes,Yes,4000,
1666532,56,30,750000,91910,1,Bachelor's,12500,No,No,Yes,No,0,
1666933,48,23,230000,94534,4,Bachelor's,12200,No,No,No,No,0,
1667334,61,36,1330000,90266,1,Higher Secondary,0,No,No,Yes,No,0,
1667735,41,17,1290000,94720,1,Higher Secondary,0,No,No,No,Yes,34000,
1668136,35,11,850000,92154,4,Bachelor's,13100,No,No,No,No,0,
1668537,48,23,1680000,95929,2,Higher Secondary,30800,No,No,Yes,No,0,
1668938,43,19,830000,92691,4,Master's and above,0,No,No,Yes,No,0,
1669339,37,12,520000,93943,2,Bachelor's,0,No,No,Yes,No,0,
1669740,47,22,1140000,95819,1,Higher Secondary,0,Yes,Yes,Yes,Yes,6000,
1670141,29,3,810000,95827,1,Master's and above,0,No,No,No,No,0,
1670542,63,38,320000,94015,1,Bachelor's,0,No,No,No,No,0,
1670943,43,19,630000,94118,3,Master's and above,0,No,No,No,No,0,
1671344,57,32,700000,90024,3,Master's and above,0,No,No,No,No,0,
1671745,55,31,200000,94720,2,Higher Secondary,0,No,No,Yes,No,0,
1672146,47,23,1380000,91367,2,Higher Secondary,0,No,No,Yes,Yes,33000,
1672547,58,34,630000,94305,4,Bachelor's,0,No,No,No,No,0,
1672948,53,28,850000,95814,1,Master's and above,11800,No,No,Yes,No,0,
1673349,59,35,1800000,96008,2,Bachelor's,0,Yes,Yes,Yes,Yes,65000,
1673750,46,22,800000,95747,4,Master's and above,0,No,No,Yes,No,0,
1674151,41,15,530000,93106,1,Master's and above,0,No,No,Yes,No,0,
1674552,46,20,720000,92009,2,Bachelor's,7500,No,No,Yes,No,0,
1674953,44,18,1230000,95841,3,Higher Secondary,0,No,Yes,Yes,Yes,59000,
1675354,44,18,910000,91361,2,Master's and above,0,No,No,Yes,No,0,
1675755,50,26,1480000,94608,2,Higher Secondary,0,No,No,Yes,No,0,
1676156,51,25,1630000,94305,2,Master's and above,0,No,No,Yes,No,0,
1676557,55,30,280000,90291,4,Master's and above,14900,No,No,Yes,Yes,1000,
1676958,37,12,1930000,92780,1,Higher Secondary,0,No,No,No,No,0,
1677359,34,10,220000,94545,3,Master's and above,0,No,No,Yes,No,0,
1677760,59,34,740000,92780,4,Higher Secondary,0,No,No,Yes,Yes,7000,
1678161,45,20,700000,94305,4,Master's and above,0,No,No,Yes,Yes,19000,
1678562,30,4,110000,95054,1,Bachelor's,0,No,No,Yes,Yes,1000,
1678963,32,8,610000,94703,3,Bachelor's,0,No,No,No,No,0,
1679364,61,37,410000,94704,1,Higher Secondary,0,No,No,Yes,Yes,8000,
1679765,54,28,1080000,94110,4,Bachelor's,0,No,No,Yes,No,0,
1680166,35,10,230000,90058,4,Master's and above,0,No,No,No,Yes,11000,
1680567,63,38,1350000,91768,2,Master's and above,18300,No,No,No,No,0,
1680968,66,40,300000,95133,2,Master's and above,8600,No,No,No,No,0,
1681369,48,24,1440000,94025,4,Bachelor's,0,No,No,No,No,0,
1681770,60,34,1390000,95020,4,Higher Secondary,0,No,No,Yes,No,0,
1682171,41,17,1430000,90059,2,Master's and above,20900,No,No,Yes,No,0,
1682572,31,7,440000,93561,1,Higher Secondary,0,No,No,Yes,Yes,12000,
1682973,58,31,490000,94521,4,Bachelor's,0,No,No,Yes,No,0,
1683374,67,42,750000,90041,4,Bachelor's,18200,No,No,Yes,No,0,
1683775,35,9,430000,93943,2,Higher Secondary,0,No,No,Yes,No,0,
1684176,40,14,590000,91335,3,Master's and above,0,No,No,Yes,No,0,
1684577,42,17,1540000,93955,3,Higher Secondary,0,No,Yes,Yes,Yes,49000,
1684978,44,18,750000,95131,1,Master's and above,0,No,No,No,Yes,7000,
1685379,47,23,750000,93106,1,Bachelor's,0,No,No,No,Yes,26000,
1685780,59,35,880000,91311,2,Higher Secondary,27800,No,No,No,No,0,
1686181,29,3,910000,94122,1,Master's and above,0,No,No,No,No,0,
1686582,36,6,110000,92008,1,Master's and above,0,Yes,Yes,Yes,Yes,6700,
1686983,47,22,220000,90024,1,Master's and above,0,No,No,Yes,No,0,
1687384,55,29,490000,92691,2,Master's and above,22000,No,No,No,Yes,8000,
1687785,41,17,1400000,94542,1,Higher Secondary,34200,No,No,No,No,0,
1688186,51,25,990000,90277,2,Bachelor's,0,No,No,No,No,0,
1688587,26,2,820000,91950,2,Higher Secondary,19900,No,No,No,No,0,
1688988,33,9,100000,90005,4,Higher Secondary,8100,No,No,No,Yes,10000,
1689389,30,5,1090000,94305,4,Bachelor's,10300,No,No,No,Yes,22000,
1689790,30,4,450000,90041,4,Master's and above,0,No,No,No,No,0,
1690191,45,19,930000,91116,2,Bachelor's,0,No,No,No,No,0,
1690592,40,16,890000,95814,3,Bachelor's,21600,Yes,Yes,Yes,No,0,
1690993,42,15,390000,91711,3,Bachelor's,13200,No,No,No,No,0,
1691394,50,26,210000,91768,1,Higher Secondary,8900,No,No,Yes,No,0,
1691795,62,37,310000,95008,3,Higher Secondary,0,No,No,Yes,No,0,
1692196,63,37,310000,95819,1,Master's and above,0,No,No,Yes,No,0,
1692597,43,19,520000,95054,4,Bachelor's,0,No,No,No,No,0,
1692998,49,25,130000,95814,1,Master's and above,0,No,No,Yes,No,0,
1693399,51,25,210000,90840,2,Master's and above,7600,Yes,No,Yes,No,0,
1693800,61,36,500000,96003,4,Higher Secondary,18900,No,No,Yes,No,0,
1694201,43,19,810000,90630,4,Master's and above,0,No,No,No,Yes,2000,
1694602,43,19,740000,94035,4,Higher Secondary,0,No,No,No,Yes,19000,
1695003,61,36,890000,93109,3,Higher Secondary,0,No,No,Yes,No,0,
1695404,35,9,820000,95064,3,Bachelor's,0,No,No,Yes,No,0,
1695805,59,33,880000,93106,4,Bachelor's,0,No,No,No,No,0,
1696206,40,16,610000,91711,3,Master's and above,0,No,No,No,No,0,
1696607,61,36,1390000,95133,2,Higher Secondary,0,No,No,No,No,0,
1697008,48,23,290000,93711,1,Bachelor's,0,No,No,No,No,0,
1697409,37,11,510000,93305,3,Higher Secondary,0,No,No,Yes,Yes,21000,
1697810,56,32,580000,95064,1,Master's and above,24100,No,No,Yes,No,0,
1698211,35,9,210000,91125,2,Master's and above,12500,No,No,Yes,No,0,
1698612,35,8,430000,95819,2,Bachelor's,0,No,No,No,No,0,
1699013,40,16,1040000,94301,2,Bachelor's,0,No,No,No,No,0,
1699414,50,23,90000,94109,1,Bachelor's,9800,No,No,Yes,No,0,
1699815,49,25,390000,91125,3,Bachelor's,0,No,No,No,No,0,
1700216,46,22,890000,94303,1,Higher Secondary,0,Yes,Yes,Yes,Yes,27000,
1700617,64,40,210000,94028,2,Master's and above,0,No,No,No,No,0,
1701018,60,35,1730000,90059,3,Master's and above,0,No,No,Yes,No,0,
1701419,45,21,290000,95051,1,Master's and above,10500,No,No,Yes,Yes,3000,
1701820,52,27,430000,94005,4,Bachelor's,0,No,No,No,Yes,2000,
1702221,58,34,300000,90066,3,Bachelor's,0,No,No,No,No,0,
1702622,54,30,390000,94806,2,Master's and above,0,Yes,No,Yes,No,0,
1703023,48,22,830000,90028,2,Master's and above,24800,No,No,Yes,No,0,
1703424,51,25,580000,93106,3,Bachelor's,22300,No,No,No,No,0,
1703825,53,26,80000,94709,1,Bachelor's,0,No,No,No,Yes,5000,
1704226,57,27,390000,95929,3,Master's and above,0,Yes,No,No,Yes,10000,
1704627,43,18,2040000,91902,2,Higher Secondary,0,No,No,Yes,No,0,
1705028,37,13,450000,94591,1,Higher Secondary,0,No,No,No,No,0,
1705429,32,7,1110000,90277,1,Higher Secondary,0,Yes,No,No,No,0,
1705830,34,10,830000,95060,2,Bachelor's,14800,No,No,No,No,0,
1706231,54,24,830000,94596,1,Master's and above,0,No,No,No,No,0,
1706632,62,36,1150000,92093,2,Higher Secondary,20200,No,No,Yes,Yes,28000,
1707033,56,32,600000,93106,1,Master's and above,22700,No,No,Yes,No,0,
1707434,39,15,530000,94116,1,Higher Secondary,0,No,No,No,No,0,
1707835,32,7,1340000,95929,2,Higher Secondary,0,No,No,Yes,No,0,
1708236,50,24,910000,93555,1,Master's and above,0,No,No,Yes,No,0,
1708637,27,1,910000,92173,2,Higher Secondary,0,No,No,Yes,No,0,
1709038,37,12,1280000,91342,2,Higher Secondary,0,No,No,Yes,Yes,39000,
1709439,60,34,780000,90401,3,Higher Secondary,0,Yes,No,No,No,0,
1709840,43,19,1610000,92093,2,Higher Secondary,46400,No,No,Yes,No,0,
1710241,62,36,600000,92182,3,Master's and above,0,No,No,Yes,No,0,
1710642,39,14,1610000,95064,1,Higher Secondary,50900,Yes,No,No,No,0,
1711043,34,9,400000,95054,4,Bachelor's,0,No,No,Yes,Yes,20000,
1711444,46,21,680000,94720,1,Bachelor's,0,No,No,Yes,No,0,
1711845,46,22,740000,94550,3,Higher Secondary,0,No,No,Yes,No,0,
1712246,51,26,550000,92121,3,Bachelor's,9300,No,No,Yes,No,0,
1712647,44,20,1450000,90630,1,Higher Secondary,0,No,No,No,Yes,35000,
1713048,60,35,240000,94920,1,Bachelor's,0,No,No,No,No,0,
1713449,65,39,100000,90210,1,Bachelor's,0,No,No,Yes,No,0,
1713850,58,33,1380000,90720,2,Higher Secondary,0,Yes,No,Yes,No,0,
1714251,37,12,630000,91942,4,Master's and above,0,No,No,Yes,No,0,
1714652,52,28,540000,90041,4,Master's and above,0,No,No,No,Yes,1000,
1715053,42,16,620000,95064,4,Master's and above,0,No,No,Yes,No,0,
1715454,54,29,810000,91107,1,Master's and above,0,No,No,No,No,0,
1715855,54,28,610000,90601,3,Bachelor's,0,No,No,Yes,Yes,30000,
1716256,51,27,680000,91711,1,Master's and above,0,No,No,Yes,No,0,
1716657,59,35,780000,90095,2,Higher Secondary,0,No,No,Yes,No,0,
1717058,41,17,1650000,91311,2,Higher Secondary,15700,No,No,No,No,0,
1717459,43,17,480000,95762,3,Bachelor's,0,No,No,No,Yes,22000,
1717860,52,26,1550000,92660,3,Bachelor's,0,No,No,Yes,No,0,
1718261,52,26,1580000,94920,2,Master's and above,25100,No,No,No,Yes,37000,
1718662,57,31,520000,94105,1,Higher Secondary,0,No,No,Yes,No,0,
1719063,53,28,180000,92507,4,Higher Secondary,0,No,No,No,No,0,
1719464,58,33,420000,92093,4,Higher Secondary,0,No,No,No,No,0,
1719865,59,33,180000,94542,2,Master's and above,0,No,No,No,No,0,
1720266,57,31,400000,94304,2,Higher Secondary,0,Yes,Yes,Yes,Yes,3000,
1720667,27,2,440000,93943,4,Bachelor's,0,Yes,Yes,Yes,No,0,
1721068,42,16,110000,94015,1,Higher Secondary,8700,No,No,No,Yes,2000,
1721469,52,26,1940000,91902,2,Bachelor's,0,No,No,Yes,No,0,
1721870,49,23,1080000,95616,2,Bachelor's,0,No,No,Yes,No,0,
1722271,47,23,120000,92518,4,Bachelor's,0,No,No,No,No,0,
1722672,45,19,190000,93117,3,Higher Secondary,9400,No,No,Yes,Yes,15000,
1723073,25,1,1500000,92507,1,Higher Secondary,0,No,No,No,No,0,
1723474,47,22,890000,92647,4,Master's and above,0,No,No,Yes,No,0,
1723875,44,19,830000,95812,2,Master's and above,0,Yes,No,No,Yes,38000,
1724276,30,3,790000,91380,4,Bachelor's,0,No,No,Yes,No,0,
1724677,63,38,1020000,95616,4,Bachelor's,0,No,No,No,No,0,
1725078,50,24,1550000,92717,1,Higher Secondary,0,No,No,Yes,Yes,73000,
1725479,40,16,1380000,92612,1,Higher Secondary,0,No,No,Yes,No,0,
1725880,56,31,510000,92028,3,Higher Secondary,0,No,No,Yes,Yes,17000,
1726281,39,15,800000,94608,2,Bachelor's,8600,No,No,Yes,Yes,18000,
1726682,42,18,1350000,95136,2,Higher Secondary,0,Yes,Yes,Yes,Yes,33000,
1727083,28,1,340000,94949,4,Bachelor's,16200,No,No,No,Yes,15000,
1727484,26,0,1950000,92093,3,Master's and above,0,Yes,Yes,Yes,No,0,
1727885,58,32,620000,91320,3,Master's and above,21700,No,Yes,Yes,Yes,22000,
1728286,38,13,1730000,94305,2,Higher Secondary,24300,No,No,No,No,0,
1728687,23,-3,1490000,93555,2,Higher Secondary,0,No,No,Yes,No,0,
1729088,53,29,200000,93955,1,Higher Secondary,13100,No,No,Yes,Yes,2000,
1729489,54,28,420000,95207,4,Higher Secondary,0,No,No,Yes,Yes,25000,
1729890,42,17,280000,94010,1,Master's and above,0,No,No,No,Yes,6000,
1730291,54,28,950000,90254,1,Bachelor's,0,No,No,Yes,No,0,
1730692,66,42,950000,94596,2,Master's and above,0,No,No,Yes,No,0,
1731093,46,21,340000,90034,1,Higher Secondary,12400,No,No,Yes,No,0,
1731494,63,37,1910000,94131,2,Master's and above,20500,No,No,No,No,0,
1731895,63,38,410000,90034,2,Higher Secondary,17300,No,No,Yes,Yes,15000,
1732296,58,34,1500000,92110,1,Higher Secondary,48100,No,No,Yes,No,0,
1732697,65,41,910000,91360,2,Master's and above,14600,No,No,No,No,0,
1733098,35,9,840000,94709,4,Bachelor's,0,No,No,Yes,No,0,
1733499,33,9,730000,92110,4,Higher Secondary,14000,No,No,Yes,No,0,
1733900,43,19,1220000,93106,1,Higher Secondary,0,No,No,Yes,No,0,
1734301,30,5,730000,90065,1,Bachelor's,13300,No,No,Yes,No,0,
1734702,61,37,200000,95973,2,Master's and above,0,No,No,Yes,No,0,
1735103,49,24,1300000,92677,4,Higher Secondary,28100,No,Yes,Yes,No,0,
1735504,52,27,850000,92037,3,Master's and above,0,No,No,No,No,0,
1735905,45,21,1340000,94550,2,Higher Secondary,0,No,No,Yes,Yes,33000,
1736306,64,39,980000,95678,3,Bachelor's,8000,No,No,Yes,No,0,
1736707,26,1,540000,91709,2,Master's and above,0,Yes,No,No,No,0,
1737108,35,11,410000,92123,3,Higher Secondary,0,No,No,Yes,No,0,
1737509,45,19,1280000,94928,4,Master's and above,0,No,No,Yes,No,0,
1737910,44,20,1320000,94115,3,Higher Secondary,30800,No,No,No,No,0,
1738311,34,8,1880000,94025,1,Master's and above,0,No,No,Yes,No,0,
1738712,65,41,1700000,94143,4,Bachelor's,0,No,Yes,Yes,Yes,61000,
1739113,32,8,140000,90034,3,Master's and above,11100,No,No,No,No,0,
1739514,41,15,930000,95616,1,Master's and above,0,No,No,Yes,No,0,
1739915,52,28,790000,94596,1,Bachelor's,0,No,No,Yes,Yes,27000,
1740316,35,9,790000,94305,4,Bachelor's,0,No,No,No,No,0,
1740717,51,26,620000,90024,4,Master's and above,11900,No,No,Yes,No,0,
1741118,30,6,950000,91950,2,Higher Secondary,0,Yes,No,Yes,No,0,
1741519,58,33,600000,92672,4,Master's and above,0,No,No,Yes,No,0,
1741920,49,23,750000,92374,1,Bachelor's,0,No,No,No,Yes,15000,
1742321,63,38,850000,91320,4,Bachelor's,0,No,No,No,Yes,1000,
1742722,40,15,1430000,94801,1,Higher Secondary,0,No,No,Yes,No,0,
1743123,27,0,340000,92717,1,Bachelor's,11200,No,No,No,Yes,20000,
1743524,38,14,440000,91320,2,Higher Secondary,0,No,No,No,No,0,
1743925,52,28,310000,92008,4,Bachelor's,15100,Yes,No,Yes,No,0,
1744326,49,24,130000,94538,4,Higher Secondary,11100,No,No,Yes,No,0,
1744727,59,35,520000,95616,4,Higher Secondary,0,No,No,Yes,Yes,15000,
1745128,32,8,420000,95136,1,Master's and above,10200,No,No,Yes,No,0,
1745529,30,4,1020000,91775,4,Master's and above,13900,No,No,No,Yes,21000,
1745930,64,38,1430000,95039,2,Master's and above,0,Yes,Yes,Yes,No,0,
1746331,59,33,100000,94063,4,Master's and above,0,No,No,Yes,No,0,
1746732,62,37,440000,90401,1,Master's and above,0,No,No,No,No,0,
1747133,61,37,1580000,94720,2,Higher Secondary,30600,Yes,Yes,Yes,Yes,60000,
1747534,53,26,120000,92672,2,Bachelor's,0,No,No,No,Yes,10000,
1747935,51,26,590000,90095,1,Higher Secondary,13900,No,No,Yes,No,0,
1748336,55,29,920000,92130,1,Bachelor's,0,No,No,No,No,0,
1748737,36,10,820000,94542,2,Higher Secondary,0,No,No,No,Yes,28000,
1749138,44,19,440000,90509,4,Bachelor's,0,No,No,No,No,0,
1749539,26,2,1820000,93010,2,Bachelor's,0,No,No,No,No,0,
1749940,54,30,1210000,92121,2,Higher Secondary,0,No,No,Yes,No,0,
1750341,35,11,380000,95518,1,Higher Secondary,0,No,No,No,Yes,17000,
1750742,34,10,920000,90024,2,Higher Secondary,0,Yes,Yes,No,Yes,27000,
1751143,28,3,530000,94305,2,Master's and above,0,No,No,No,No,0,
1751544,32,7,450000,93611,3,Higher Secondary,8300,Yes,No,Yes,No,0,
1751945,38,14,630000,95422,1,Bachelor's,0,Yes,No,Yes,No,0,
1752346,53,28,1810000,95051,1,Higher Secondary,0,No,No,Yes,No,0,
1752747,26,1,1840000,94608,2,Master's and above,57700,No,Yes,Yes,Yes,42000,
1753148,45,21,330000,94970,3,Higher Secondary,13600,No,Yes,Yes,Yes,5000,
1753549,58,33,220000,90024,3,Higher Secondary,0,No,No,Yes,No,0,
1753950,59,33,990000,92093,2,Higher Secondary,0,No,No,No,No,0,
1754351,45,18,440000,90089,3,Bachelor's,19300,No,No,No,No,0,
1754752,64,39,1010000,95134,4,Bachelor's,0,No,No,No,Yes,34000,
1755153,30,3,320000,94132,1,Bachelor's,0,No,No,Yes,Yes,20000,
1755554,40,16,590000,94305,4,Higher Secondary,0,No,No,Yes,No,0,
1755955,61,36,250000,94015,2,Bachelor's,0,No,No,Yes,Yes,5000,
1756356,40,16,1400000,93940,3,Higher Secondary,0,No,No,No,No,0,
1756757,40,10,290000,94720,1,Master's and above,0,No,No,Yes,No,0,
1757158,43,19,350000,90630,1,Higher Secondary,0,No,No,No,No,0,
1757559,39,14,1410000,93302,4,Higher Secondary,0,Yes,Yes,Yes,Yes,63000,
1757960,35,11,750000,92672,4,Master's and above,7900,No,No,No,No,0,
1758361,38,12,580000,95054,2,Higher Secondary,0,No,No,Yes,No,0,
1758762,67,43,410000,90024,2,Higher Secondary,0,No,No,No,No,0,
1759163,55,30,420000,93940,2,Bachelor's,19600,No,No,No,Yes,20000,
1759564,28,2,550000,93940,3,Bachelor's,0,No,No,No,No,0,
1759965,30,4,180000,93711,4,Bachelor's,8400,No,No,Yes,No,0,
1760366,59,35,750000,92121,4,Master's and above,0,Yes,No,No,No,0,
1760767,26,2,850000,95020,2,Higher Secondary,0,No,No,No,No,0,
1761168,52,28,430000,90089,4,Bachelor's,0,No,No,No,No,0,
1761569,40,15,1490000,90250,2,Higher Secondary,31900,No,No,Yes,Yes,39000,
1761970,31,7,250000,93943,2,Bachelor's,0,Yes,Yes,Yes,Yes,10000,
1762371,50,25,190000,94005,4,Bachelor's,10300,No,No,Yes,Yes,4000,
1762772,27,3,180000,93524,1,Master's and above,0,No,No,No,No,0,
1763173,64,39,130000,90024,4,Bachelor's,0,No,No,Yes,No,0,
1763574,34,10,410000,91765,1,Bachelor's,0,No,No,No,No,0,
1763975,30,6,1390000,94501,1,Higher Secondary,0,No,No,Yes,No,0,
1764376,39,15,620000,93955,3,Higher Secondary,13100,No,Yes,Yes,Yes,23300,
1764777,34,10,510000,90032,3,Higher Secondary,13000,No,No,No,No,0,
1765178,40,15,710000,93950,3,Higher Secondary,27200,No,No,Yes,No,0,
1765579,33,8,1450000,92507,1,Master's and above,0,No,No,Yes,No,0,
1765980,38,12,450000,91768,4,Bachelor's,13800,No,No,Yes,No,0,
1766381,42,17,530000,93023,4,Master's and above,0,No,No,Yes,No,0,
1766782,37,13,640000,94105,1,Master's and above,0,No,No,Yes,No,0,
1767183,33,8,390000,94542,4,Higher Secondary,0,No,No,Yes,No,0,
1767584,60,34,380000,92182,3,Master's and above,0,Yes,No,No,No,0,
1767985,28,4,850000,94709,3,Higher Secondary,0,No,No,Yes,No,0,
1768386,45,20,610000,92717,3,Bachelor's,0,No,No,No,Yes,27000,
1768787,56,32,230000,94610,1,Master's and above,12700,No,No,Yes,Yes,12000,
1769188,53,27,1220000,94305,1,Higher Secondary,33000,No,No,No,No,0,
1769589,37,12,720000,91380,4,Master's and above,0,No,No,No,No,0,
1769990,47,21,1230000,90840,1,Higher Secondary,0,No,No,No,No,0,
1770391,58,32,400000,90057,1,Higher Secondary,0,Yes,Yes,Yes,Yes,16000,
1770792,52,26,620000,95134,4,Bachelor's,0,No,No,Yes,No,0,
1771193,46,22,1130000,94105,2,Higher Secondary,0,No,No,No,Yes,33000,
1771594,52,27,810000,92634,4,Bachelor's,0,No,No,No,No,0,
1771995,24,0,590000,95521,4,Higher Secondary,0,No,No,No,No,0,
1772396,57,31,250000,94523,2,Bachelor's,10300,No,No,No,No,0,
1772797,66,41,250000,94720,4,Bachelor's,0,No,No,Yes,Yes,6000,
1773198,30,5,140000,95014,4,Master's and above,0,No,No,Yes,No,0,
1773599,48,23,190000,90058,1,Higher Secondary,0,No,No,Yes,No,0,
1774000,63,37,610000,91942,1,Master's and above,0,No,No,No,No,0,
1774401,48,23,210000,94904,1,Higher Secondary,0,No,No,No,No,0,
1774802,34,10,440000,94143,1,Higher Secondary,0,No,No,Yes,No,0,
1775203,60,35,420000,91902,3,Higher Secondary,0,No,No,No,Yes,15000,
1775604,55,25,520000,90095,1,Master's and above,20700,Yes,No,No,No,0,
1776005,50,24,1120000,92064,1,Higher Secondary,0,No,No,No,No,0,
1776406,29,5,340000,94301,1,Master's and above,0,No,No,No,No,0,
1776807,61,35,830000,91320,2,Master's and above,24500,No,No,Yes,No,0,
1777208,50,25,240000,95133,4,Bachelor's,13700,No,No,Yes,No,0,
1777609,37,13,710000,90755,2,Bachelor's,0,No,No,Yes,Yes,17000,
1778010,64,40,1810000,93403,2,Bachelor's,0,No,Yes,Yes,Yes,23000,
1778411,43,19,750000,91765,4,Master's and above,10200,No,No,Yes,No,0,
1778812,39,14,1530000,91614,2,Higher Secondary,0,No,No,No,No,0,
1779213,23,-2,750000,90291,2,Bachelor's,0,No,No,Yes,Yes,18000,
1779614,34,10,190000,91711,4,Bachelor's,0,No,No,No,No,0,
1780015,29,2,310000,91775,4,Bachelor's,0,No,No,No,Yes,15000,
1780416,33,8,1780000,94720,3,Higher Secondary,0,Yes,Yes,Yes,No,0,
1780817,60,35,650000,90245,2,Higher Secondary,22000,No,No,No,Yes,15000,
1781218,49,25,80000,94720,1,Higher Secondary,9700,No,No,No,No,0,
1781619,54,28,920000,92374,2,Higher Secondary,0,No,No,Yes,No,0,
1782020,59,34,1450000,95125,4,Higher Secondary,19800,No,No,Yes,No,0,
1782421,42,17,850000,93065,1,Master's and above,27200,No,No,No,No,0,
1782822,62,38,1490000,92130,1,Higher Secondary,0,No,No,Yes,No,0,
1783223,63,38,90000,94707,4,Bachelor's,10000,No,No,Yes,Yes,6000,
1783624,57,31,1640000,94607,2,Master's and above,42200,No,Yes,Yes,Yes,38000,
1784025,61,36,400000,95816,3,Bachelor's,10000,Yes,No,No,No,0,
1784426,35,10,540000,93943,1,Master's and above,0,No,No,No,Yes,25000,
1784827,26,0,1640000,95973,2,Master's and above,30100,No,No,Yes,No,0,
1785228,33,8,1400000,95814,1,Higher Secondary,0,No,No,Yes,No,0,
1785629,31,7,180000,91711,1,Master's and above,0,No,No,No,No,0,
1786030,51,27,120000,95818,4,Higher Secondary,0,Yes,No,Yes,No,0,
1786431,55,29,1400000,94720,2,Higher Secondary,0,No,No,Yes,No,0,
1786832,38,12,240000,94588,2,Master's and above,0,No,No,Yes,Yes,8000,
1787233,38,12,600000,92806,2,Higher Secondary,0,No,No,Yes,No,0,
1787634,53,27,500000,92660,2,Master's and above,0,No,No,Yes,No,0,
1788035,62,38,440000,92612,1,Bachelor's,0,No,No,No,Yes,19000,
1788436,35,9,510000,94596,4,Bachelor's,11000,No,No,Yes,No,0,
1788837,46,21,340000,90840,2,Higher Secondary,11600,No,No,No,No,0,
1789238,60,35,330000,90095,2,Bachelor's,0,No,No,Yes,No,0,
1789639,63,38,630000,92507,2,Higher Secondary,0,No,No,Yes,No,0,
1790040,43,18,220000,90025,2,Master's and above,0,No,No,No,No,0,
1790441,33,7,1040000,94542,2,Master's and above,0,No,No,No,Yes,36000,
1790842,43,19,750000,90041,3,Master's and above,0,No,No,No,No,0,
1791243,62,36,750000,92709,2,Master's and above,0,No,No,No,No,0,
1791644,48,23,620000,91367,4,Master's and above,8300,No,No,No,Yes,36000,
1792045,38,14,480000,90034,1,Higher Secondary,16900,No,No,No,No,0,
1792446,36,10,730000,95035,2,Higher Secondary,0,No,No,Yes,Yes,28000,
1792847,49,25,1350000,90064,2,Higher Secondary,8200,No,No,Yes,Yes,14000,
1793248,61,35,610000,92177,3,Master's and above,11700,No,No,Yes,Yes,22000,
1793649,49,22,780000,95616,3,Bachelor's,0,No,No,Yes,No,0,
1794050,59,34,400000,94102,3,Master's and above,0,No,No,Yes,No,0,
1794451,30,6,440000,95211,1,Master's and above,0,No,No,No,Yes,2000,
1794852,44,20,450000,94111,2,Higher Secondary,0,No,No,Yes,No,0,
1795253,67,41,180000,92130,2,Higher Secondary,0,No,No,Yes,No,0,
1795654,59,35,530000,90035,4,Master's and above,17400,No,No,Yes,No,0,
1796055,37,11,110000,94112,3,Bachelor's,0,No,No,No,No,0,
1796456,50,24,380000,94143,3,Bachelor's,0,No,No,Yes,No,0,
1796857,56,31,280000,94040,1,Bachelor's,0,Yes,Yes,Yes,Yes,15000,
1797258,29,3,350000,94040,2,Higher Secondary,8800,No,Yes,Yes,Yes,3000,
1797659,55,29,810000,92843,3,Bachelor's,17100,No,No,Yes,No,0,
1798060,48,22,900000,94590,2,Master's and above,20500,No,No,No,No,0,
1798461,32,8,1150000,90064,1,Higher Secondary,0,No,No,No,No,0,
1798862,47,22,780000,92093,1,Bachelor's,0,No,No,Yes,No,0,
1799263,46,21,300000,94301,4,Master's and above,0,No,No,Yes,No,0,
1799664,33,7,390000,95630,4,Higher Secondary,0,No,No,Yes,Yes,8000,
1800065,39,13,690000,94123,3,Higher Secondary,0,No,No,No,No,0,
1800466,60,35,290000,93943,3,Higher Secondary,7900,No,No,Yes,Yes,2000,
1800867,39,15,540000,94108,4,Bachelor's,0,No,No,No,Yes,22000,
1801268,34,10,600000,90071,3,Higher Secondary,0,No,Yes,Yes,Yes,28000,
1801669,55,30,990000,91768,1,Master's and above,0,No,No,No,No,0,
1802070,67,42,510000,94117,3,Higher Secondary,0,No,No,Yes,Yes,22000,
1802471,40,14,530000,94025,3,Master's and above,0,Yes,Yes,Yes,Yes,5000,
1802872,44,20,1110000,91911,2,Bachelor's,0,No,No,Yes,No,0,
1803273,56,30,790000,94588,3,Higher Secondary,30200,No,No,No,No,0,
1803674,50,25,900000,95616,1,Bachelor's,0,No,No,Yes,No,0,
1804075,31,5,180000,92115,2,Higher Secondary,12400,No,No,Yes,Yes,3000,
1804476,66,41,730000,95817,3,Higher Secondary,0,No,No,No,No,0,
1804877,43,18,590000,95039,3,Master's and above,9100,No,No,Yes,No,0,
1805278,58,32,400000,95833,2,Higher Secondary,0,No,No,No,No,0,
1805679,33,9,410000,92028,1,Bachelor's,0,No,Yes,Yes,Yes,15000,
1806080,33,9,530000,91380,1,Master's and above,0,No,No,No,No,0,
1806481,32,8,1280000,93117,2,Higher Secondary,0,No,No,Yes,No,0,
1806882,55,30,1450000,92037,2,Master's and above,0,No,No,Yes,No,0,
1807283,25,-2,350000,95045,4,Bachelor's,0,No,No,Yes,No,0,
1807684,40,14,280000,90404,2,Master's and above,0,No,No,No,No,0,
1808085,54,28,1550000,90095,1,Higher Secondary,25600,No,No,Yes,Yes,10000,
1808486,36,11,1950000,95747,2,Higher Secondary,0,No,No,Yes,Yes,30000,
1808887,35,9,500000,92182,4,Bachelor's,0,No,No,No,No,0,
1809288,44,19,480000,92735,3,Master's and above,0,No,No,No,Yes,8000,
1809689,38,14,810000,94583,1,Bachelor's,0,No,No,Yes,Yes,36000,
1810090,30,4,500000,91030,1,Higher Secondary,0,No,No,No,No,0,
1810491,39,13,210000,95518,3,Bachelor's,0,No,No,Yes,No,0,
1810892,35,9,1420000,90250,2,Higher Secondary,0,Yes,No,Yes,No,0,
1811293,41,16,640000,91604,4,Higher Secondary,0,No,No,Yes,No,0,
1811694,56,26,910000,94939,1,Master's and above,0,No,No,Yes,Yes,30000,
1812095,52,28,740000,96064,1,Bachelor's,0,No,No,Yes,Yes,26000,
1812496,29,4,1820000,95354,1,Master's and above,0,No,No,Yes,No,0,
1812897,38,14,820000,95616,4,Higher Secondary,0,No,No,No,No,0,
1813298,51,25,450000,95616,4,Higher Secondary,0,No,No,No,No,0,
1813699,45,21,850000,95136,2,Higher Secondary,0,Yes,No,Yes,No,0,
1814100,51,26,1330000,90291,1,Higher Secondary,32800,No,No,No,No,0,
1814501,53,26,220000,91304,1,Bachelor's,0,No,No,Yes,Yes,5000,
1814902,50,26,240000,94305,4,Bachelor's,0,No,No,No,Yes,5000,
1815303,59,33,380000,94132,3,Master's and above,17800,Yes,Yes,Yes,Yes,22000,
1815704,57,32,800000,92647,2,Master's and above,0,No,No,No,No,0,
1816105,45,21,330000,92374,3,Higher Secondary,10800,No,No,Yes,No,0,
1816506,27,1,410000,93023,4,Master's and above,14700,No,No,No,No,0,
1816907,40,15,900000,94063,4,Bachelor's,0,Yes,No,Yes,No,0,
1817308,39,13,890000,92037,1,Master's and above,15300,No,No,Yes,Yes,28000,
1817709,26,1,80000,94550,2,Master's and above,0,No,No,No,Yes,9000,
1818110,27,2,850000,94117,1,Higher Secondary,0,No,No,Yes,Yes,19000,
1818511,55,30,530000,94550,3,Higher Secondary,0,No,No,Yes,No,0,
1818912,64,39,200000,93109,3,Master's and above,0,No,No,No,No,0,
1819313,41,17,90000,91911,1,Higher Secondary,0,No,No,Yes,Yes,10000,
1819714,46,22,250000,95747,4,Higher Secondary,0,No,No,Yes,Yes,6000,
1820115,43,19,1140000,92325,1,Higher Secondary,0,No,No,Yes,No,0,
1820516,24,-3,410000,91768,4,Master's and above,0,No,No,Yes,No,0,
1820917,29,3,490000,94305,4,Master's and above,0,No,No,No,No,0,
1821318,58,32,120000,95929,4,Master's and above,0,No,No,Yes,No,0,
1821719,45,18,500000,91902,3,Bachelor's,0,No,No,Yes,No,0,
1822120,53,28,300000,94609,4,Bachelor's,0,No,No,Yes,No,0,
1822521,45,21,320000,92399,4,Higher Secondary,7700,No,No,No,Yes,6000,
1822922,32,7,410000,94706,4,Bachelor's,0,No,No,No,No,0,
1823323,56,31,250000,95123,3,Bachelor's,0,No,No,No,No,0,
1823724,31,5,290000,90630,1,Higher Secondary,0,No,No,No,No,0,
1824125,29,4,500000,94040,4,Bachelor's,0,No,No,Yes,No,0,
1824526,48,24,790000,94542,3,Higher Secondary,0,No,No,Yes,Yes,7000,
1824927,36,11,1100000,94110,1,Higher Secondary,0,No,No,Yes,Yes,38000,
1825328,36,9,400000,92518,2,Bachelor's,12900,Yes,No,Yes,No,0,
1825729,41,16,180000,90024,1,Master's and above,0,No,No,No,Yes,6000,
1826130,48,23,480000,94086,1,Higher Secondary,0,No,No,No,No,0,
1826531,27,0,400000,92103,4,Master's and above,0,No,No,No,No,0,
1826932,33,9,190000,95370,2,Bachelor's,9200,No,No,Yes,No,0,
1827333,31,7,350000,94025,1,Higher Secondary,13100,No,No,No,Yes,13300,
1827734,48,22,1330000,90073,2,Bachelor's,0,No,No,Yes,No,0,
1828135,59,34,190000,95762,2,Bachelor's,0,No,No,Yes,No,0,
1828536,41,17,830000,94025,4,Higher Secondary,0,No,No,Yes,No,0,
1828937,42,18,390000,96091,3,Master's and above,0,No,No,No,No,0,
1829338,62,37,380000,92354,4,Bachelor's,0,No,No,No,No,0,
1829739,62,36,630000,95929,1,Master's and above,0,No,No,Yes,Yes,25000,
1830140,51,24,850000,94305,3,Bachelor's,0,No,No,No,No,0,
1830541,48,24,140000,94305,4,Higher Secondary,0,No,No,Yes,No,0,
1830942,56,32,640000,90210,4,Higher Secondary,0,No,No,Yes,No,0,
1831343,62,38,1240000,95023,1,Higher Secondary,40500,No,No,Yes,No,0,
1831744,53,29,200000,94131,1,Higher Secondary,0,Yes,Yes,Yes,Yes,2000,
1832145,62,38,330000,95134,3,Master's and above,0,No,No,Yes,No,0,
1832546,28,4,800000,95819,3,Higher Secondary,0,No,No,Yes,No,0,
1832947,61,35,350000,90025,2,Master's and above,0,No,No,Yes,No,0,
1833348,48,24,740000,91109,3,Higher Secondary,0,Yes,No,Yes,No,0,
1833749,50,25,320000,94304,2,Bachelor's,0,No,No,Yes,No,0,
1834150,58,33,730000,93109,4,Higher Secondary,24100,No,No,No,No,0,
1834551,53,29,410000,94080,2,Higher Secondary,0,No,No,Yes,No,0,
1834952,65,40,180000,95621,1,Bachelor's,0,No,No,Yes,No,0,
1835353,27,0,280000,91330,4,Bachelor's,0,No,No,Yes,No,0,
1835754,50,23,640000,92037,1,Bachelor's,0,No,No,No,No,0,
1836155,50,25,440000,92093,2,Bachelor's,19200,No,No,Yes,No,0,
1836556,41,16,1090000,94801,3,Higher Secondary,0,Yes,No,Yes,No,0,
1836957,43,19,710000,95054,3,Master's and above,17900,No,No,No,No,0,
1837358,55,29,790000,94608,2,Higher Secondary,0,Yes,No,Yes,No,0,
1837759,33,9,300000,95054,2,Bachelor's,0,No,No,Yes,No,0,
1838160,44,19,820000,95521,2,Higher Secondary,0,No,No,Yes,Yes,4000,
1838561,47,20,1010000,91950,3,Bachelor's,27000,No,No,Yes,No,0,
1838962,43,18,130000,94709,2,Bachelor's,0,No,Yes,Yes,Yes,1000,
1839363,59,33,590000,91365,3,Master's and above,0,No,No,No,No,0,
1839764,65,40,640000,94928,2,Higher Secondary,0,No,No,No,Yes,15000,
1840165,28,2,1880000,92350,2,Higher Secondary,0,Yes,No,Yes,No,0,
1840566,58,32,280000,90095,2,Higher Secondary,14800,No,No,No,No,0,
1840967,33,8,1200000,92614,2,Master's and above,7600,No,No,No,Yes,42000,
1841368,24,0,1310000,92831,1,Higher Secondary,0,No,No,Yes,No,0,
1841769,46,20,190000,94105,3,Bachelor's,9700,Yes,No,Yes,No,0,
1842170,26,0,440000,94305,4,Master's and above,0,Yes,No,No,No,0,
1842571,47,21,490000,92152,3,Bachelor's,0,Yes,No,No,No,0,
1842972,32,6,990000,91902,2,Master's and above,24900,No,No,Yes,No,0,
1843373,58,28,950000,94304,1,Master's and above,0,No,No,No,No,0,
1843774,32,7,810000,95112,4,Master's and above,0,No,No,Yes,No,0,
1844175,46,20,730000,95616,2,Master's and above,26400,No,Yes,Yes,Yes,8000,
1844576,35,11,1930000,91765,2,Higher Secondary,0,No,No,No,Yes,65000,
1844977,53,27,1150000,90095,2,Master's and above,0,No,No,No,No,0,
1845378,55,30,410000,93003,2,Master's and above,0,No,No,Yes,Yes,6000,
1845779,63,37,800000,90401,2,Master's and above,0,No,No,Yes,Yes,17000,
1846180,45,20,900000,94143,4,Bachelor's,0,No,No,Yes,Yes,11000,
1846581,58,32,410000,94305,1,Higher Secondary,8100,No,No,Yes,No,0,
1846982,50,24,1020000,91103,2,Higher Secondary,0,No,No,Yes,No,0,
1847383,37,13,590000,94234,1,Master's and above,0,No,No,No,Yes,15000,
1847784,25,-1,690000,92691,3,Master's and above,0,No,No,Yes,No,0,
1848185,52,26,830000,92521,1,Higher Secondary,0,No,No,Yes,No,0,
1848586,26,0,490000,90089,3,Bachelor's,0,No,No,No,No,0,
1848987,35,11,1800000,94010,1,Master's and above,57100,No,Yes,Yes,Yes,36000,
1849388,58,32,610000,91910,3,Master's and above,0,No,No,Yes,Yes,22000,
1849789,37,11,590000,94720,4,Master's and above,0,No,No,No,No,0,
1850190,35,10,850000,95351,4,Master's and above,0,No,No,No,Yes,21000,
1850591,31,7,130000,93727,1,Master's and above,0,No,No,Yes,No,0,
1850992,58,34,1510000,94022,3,Bachelor's,0,No,No,No,No,0,
1851393,43,16,440000,94577,3,Bachelor's,0,No,No,Yes,No,0,
1851794,43,18,530000,92115,3,Master's and above,15400,No,No,No,No,0,
1852195,54,30,1330000,95747,1,Bachelor's,0,No,No,No,Yes,50000,
1852596,53,27,310000,91320,3,Master's and above,7800,No,No,Yes,No,0,
1852997,32,7,1010000,90232,4,Bachelor's,0,No,No,Yes,No,0,
1853398,37,13,610000,95131,3,Higher Secondary,0,No,No,No,No,0,
1853799,34,10,680000,90095,3,Bachelor's,0,No,No,No,No,0,
1854200,51,26,210000,94143,4,Higher Secondary,0,No,No,Yes,No,0,
1854601,49,25,1490000,90024,2,Higher Secondary,0,No,No,Yes,No,0,
1855002,54,24,750000,93555,1,Master's and above,0,No,No,No,No,0,
1855403,37,12,550000,95630,1,Master's and above,0,No,No,Yes,No,0,
1855804,57,32,810000,94305,2,Higher Secondary,22600,No,No,Yes,Yes,37000,
1856205,37,12,1790000,91768,1,Higher Secondary,0,No,No,Yes,No,0,
1856606,32,7,810000,90601,2,Bachelor's,0,No,No,No,Yes,34000,
1857007,48,22,420000,94611,1,Bachelor's,0,No,No,No,No,0,
1857408,44,20,1990000,94607,2,Higher Secondary,0,No,No,Yes,No,0,
1857809,50,23,180000,93117,1,Bachelor's,0,No,No,Yes,Yes,5000,
1858210,44,19,280000,91604,1,Master's and above,0,No,No,Yes,No,0,
1858611,54,28,800000,95006,4,Master's and above,14300,No,No,No,No,0,
1859012,37,13,790000,91330,1,Bachelor's,10400,No,No,Yes,No,0,
1859413,34,7,520000,93940,2,Bachelor's,0,No,No,Yes,No,0,
1859814,32,6,180000,92007,2,Bachelor's,0,No,No,Yes,No,0,
1860215,63,38,520000,91361,4,Higher Secondary,21800,No,No,Yes,Yes,17000,
1860616,56,30,150000,92093,2,Bachelor's,10200,No,No,No,No,0,
1861017,37,12,840000,93943,4,Master's and above,0,No,No,Yes,No,0,
1861418,66,41,1140000,92521,1,Master's and above,0,No,No,Yes,Yes,8000,
1861819,38,13,410000,95521,3,Master's and above,0,No,No,No,Yes,5000,
1862220,35,9,290000,95354,3,Higher Secondary,12600,No,No,Yes,No,0,
1862621,61,36,230000,95521,1,Higher Secondary,9600,No,No,No,No,0,
1863022,52,26,840000,94132,1,Higher Secondary,0,No,No,Yes,No,0,
1863423,57,32,600000,93407,3,Higher Secondary,0,Yes,Yes,Yes,Yes,17000,
1863824,47,20,130000,94545,3,Bachelor's,0,No,No,Yes,No,0,
1864225,50,25,450000,90813,2,Master's and above,0,No,No,No,No,0,
1864626,36,11,830000,90638,1,Higher Secondary,0,No,No,No,No,0,
1865027,45,21,1020000,92037,4,Bachelor's,8100,No,No,No,No,0,
1865428,58,34,580000,90034,4,Master's and above,16900,No,No,Yes,No,0,
1865829,27,1,1340000,93106,1,Bachelor's,30700,No,No,Yes,No,0,
1866230,27,1,1300000,94801,3,Bachelor's,0,No,No,No,No,0,
1866631,48,24,1480000,91311,2,Higher Secondary,0,No,Yes,Yes,Yes,33000,
1867032,46,21,920000,92886,1,Bachelor's,0,No,No,No,No,0,
1867433,32,8,1420000,90095,4,Bachelor's,12000,No,Yes,Yes,Yes,62000,
1867834,54,29,620000,94720,4,Higher Secondary,0,No,No,No,Yes,7000,
1868235,31,5,500000,93106,1,Higher Secondary,0,No,No,Yes,No,0,
1868636,42,17,290000,94928,2,Master's and above,0,No,No,Yes,No,0,
1869037,30,5,850000,91910,2,Higher Secondary,29300,Yes,Yes,Yes,Yes,25000,
1869438,41,16,780000,95616,4,Higher Secondary,0,No,No,Yes,No,0,
1869839,44,19,850000,92054,4,Master's and above,0,No,No,Yes,Yes,19000,
1870240,37,13,890000,91711,2,Bachelor's,0,No,No,Yes,No,0,
1870641,51,25,330000,92866,3,Master's and above,0,No,No,Yes,Yes,9000,
1871042,30,6,420000,90034,1,Master's and above,0,No,No,Yes,No,0,
1871443,36,11,310000,94022,4,Higher Secondary,12400,No,No,Yes,Yes,17000,
1871844,65,40,1430000,95616,4,Bachelor's,0,No,No,Yes,No,0,
1872245,33,7,350000,95616,4,Higher Secondary,0,No,No,Yes,No,0,
1872646,58,34,220000,94608,1,Bachelor's,0,No,No,Yes,No,0,
1873047,34,10,450000,92038,1,Higher Secondary,8400,No,No,No,No,0,
1873448,38,13,1190000,94545,3,Higher Secondary,0,No,No,No,No,0,
1873849,59,35,430000,95616,4,Higher Secondary,0,No,No,Yes,No,0,
1874250,37,11,750000,94704,3,Bachelor's,0,No,No,Yes,No,0,
1874651,59,35,1210000,91423,1,Higher Secondary,0,No,No,Yes,No,0,
1875052,47,23,630000,95521,1,Master's and above,0,No,No,Yes,No,0,
1875453,48,24,580000,94005,2,Higher Secondary,0,No,No,No,No,0,
1875854,38,12,1840000,91311,3,Higher Secondary,0,No,No,Yes,No,0,
1876255,34,10,1550000,92780,2,Higher Secondary,0,No,No,Yes,Yes,65000,
1876656,44,17,690000,90095,3,Bachelor's,0,No,No,No,No,0,
1877057,33,7,1880000,95054,2,Bachelor's,58100,No,No,No,No,0,
1877458,47,21,380000,91101,3,Bachelor's,0,Yes,No,No,No,0,
1877859,41,16,90000,90089,2,Bachelor's,0,No,No,No,Yes,3000,
1878260,36,11,690000,95929,4,Master's and above,0,No,No,Yes,Yes,21000,
1878661,28,4,1990000,92121,1,Higher Secondary,0,No,No,No,No,0,
1879062,59,35,380000,92122,1,Higher Secondary,0,No,No,Yes,No,0,
1879463,43,19,1290000,95039,1,Higher Secondary,0,Yes,No,Yes,No,0,
1879864,56,31,590000,94303,2,Bachelor's,0,No,No,Yes,No,0,
1880265,28,3,1150000,92407,1,Higher Secondary,20000,No,No,Yes,No,0,
1880666,62,37,830000,93657,4,Bachelor's,0,No,No,No,No,0,
1881067,40,16,650000,90095,2,Higher Secondary,0,No,No,Yes,No,0,
1881468,34,9,720000,94555,3,Higher Secondary,12400,No,No,No,No,0,
1881869,52,28,720000,94720,1,Master's and above,0,No,No,Yes,No,0,
1882270,40,14,630000,94025,3,Master's and above,22100,No,No,Yes,No,0,
1882671,27,1,640000,94501,4,Bachelor's,0,No,No,Yes,Yes,18000,
1883072,52,26,1940000,94305,1,Higher Secondary,0,No,No,Yes,No,0,
1883473,39,14,1040000,95035,1,Master's and above,0,No,Yes,Yes,Yes,40000,
1883874,52,26,1800000,95831,1,Higher Secondary,55000,No,No,Yes,No,0,
1884275,50,23,180000,95503,2,Bachelor's,8800,No,No,Yes,Yes,10000,
1884676,40,14,930000,93933,1,Master's and above,32800,Yes,Yes,Yes,Yes,28000,
1885077,35,11,320000,91360,1,Higher Secondary,13700,No,No,Yes,Yes,13300,
1885478,39,13,680000,91950,3,Higher Secondary,0,Yes,No,Yes,No,0,
1885879,25,0,380000,93407,2,Master's and above,0,No,No,No,No,0,
1886280,33,7,1150000,93305,1,Bachelor's,28300,No,No,Yes,No,0,
1886681,26,0,1610000,94551,2,Higher Secondary,0,No,No,No,No,0,
1887082,46,21,1540000,90245,2,Higher Secondary,9400,No,No,No,No,0,
1887483,27,3,680000,95503,4,Higher Secondary,0,No,No,No,Yes,0,
1887884,55,25,440000,92093,3,Master's and above,0,No,No,Yes,No,0,
1888285,52,28,1490000,92121,2,Higher Secondary,0,No,No,No,No,0,
1888686,59,34,1030000,91360,1,Higher Secondary,0,No,No,Yes,No,0,
1889087,63,39,410000,91355,4,Bachelor's,0,No,No,Yes,No,0,
1889488,61,35,1130000,91741,2,Higher Secondary,0,No,No,No,No,0,
1889889,58,34,480000,93460,4,Bachelor's,0,No,No,Yes,Yes,13000,
1890290,29,3,690000,92093,4,Bachelor's,0,No,No,Yes,Yes,18000,
1890691,51,27,430000,95053,4,Bachelor's,16400,No,No,Yes,Yes,11000,
1891092,59,34,190000,92192,1,Master's and above,0,No,No,Yes,No,0,
1891493,41,17,650000,90024,3,Master's and above,0,No,No,Yes,No,0,
1891894,59,35,320000,92064,3,Bachelor's,0,No,No,No,Yes,4000,
1892295,52,28,200000,95616,1,Higher Secondary,0,No,No,No,No,0,
1892696,39,13,250000,94132,2,Master's and above,0,No,No,No,No,0,
1893097,45,19,700000,95605,1,Higher Secondary,0,No,No,No,Yes,28000,
1893498,59,35,700000,92103,4,Master's and above,0,No,No,No,No,0,
1893899,49,22,1030000,91330,3,Bachelor's,16700,No,No,No,No,0,
1894300,48,22,1620000,94143,3,Higher Secondary,40000,No,No,No,No,0,
1894701,61,36,610000,91320,2,Higher Secondary,15300,No,No,No,Yes,28000,
1895102,31,7,1700000,95006,1,Higher Secondary,0,No,No,Yes,No,0,
1895503,42,16,490000,90034,1,Higher Secondary,0,No,No,No,No,0,
1895904,35,5,1080000,90630,2,Master's and above,0,Yes,No,No,No,0,
1896305,57,27,620000,94025,3,Master's and above,0,No,No,Yes,No,0,
1896706,54,28,1020000,91360,2,Bachelor's,0,No,No,Yes,No,0,
1897107,61,37,1410000,92677,3,Higher Secondary,0,No,Yes,Yes,Yes,7000,
1897508,60,36,80000,92626,2,Higher Secondary,0,No,No,No,No,0,
1897909,59,35,910000,95008,2,Higher Secondary,0,Yes,No,No,Yes,16000,
1898310,62,37,100000,92606,3,Higher Secondary,0,No,No,Yes,No,0,
1898711,26,1,350000,90089,2,Bachelor's,11900,No,No,No,Yes,17000,
1899112,41,17,710000,92182,3,Master's and above,0,No,No,No,Yes,3000,
1899513,65,40,590000,94022,3,Higher Secondary,0,No,No,No,No,0,
1899914,25,0,140000,94309,2,Master's and above,0,No,No,No,Yes,9000,
1900315,25,1,1220000,93022,2,Higher Secondary,0,No,No,Yes,No,0,
1900716,27,3,810000,90291,3,Higher Secondary,30700,Yes,Yes,Yes,Yes,15000,
1901117,65,39,350000,92009,1,Master's and above,15000,No,No,Yes,No,0,
1901518,60,34,830000,95616,2,Higher Secondary,7500,Yes,No,Yes,No,0,
1901919,29,5,1210000,95449,1,Higher Secondary,0,No,No,Yes,No,0,
1902320,32,6,350000,91107,3,Higher Secondary,0,Yes,No,Yes,No,0,
1902721,32,8,1400000,94102,4,Master's and above,0,No,Yes,No,Yes,66000,
1903122,41,15,880000,90740,1,Master's and above,0,Yes,No,No,No,0,
1903523,52,26,700000,94117,2,Higher Secondary,0,Yes,No,Yes,No,0,
1903924,40,16,630000,92807,1,Master's and above,0,No,No,No,No,0,
1904325,39,15,1250000,90250,1,Higher Secondary,0,No,No,Yes,Yes,35000,
1904726,34,8,210000,94107,4,Higher Secondary,0,No,No,No,No,0,
1905127,34,8,750000,95814,2,Higher Secondary,0,No,No,No,No,0,
1905528,34,10,380000,95039,1,Higher Secondary,0,Yes,No,Yes,No,0,
1905929,41,17,580000,92009,4,Higher Secondary,0,No,No,Yes,Yes,26700,
1906330,59,35,310000,90630,3,Bachelor's,0,No,No,Yes,No,0,
1906731,40,14,180000,90049,4,Master's and above,0,No,No,No,No,0,
1907132,52,27,290000,94720,1,Bachelor's,15900,No,No,No,Yes,15000,
1907533,37,11,290000,91711,2,Master's and above,0,No,No,Yes,Yes,14000,
1907934,39,13,690000,92096,3,Higher Secondary,24700,No,No,No,No,0,
1908335,49,23,1210000,90032,1,Higher Secondary,0,No,No,Yes,No,0,
1908736,63,39,640000,95814,1,Master's and above,14700,No,No,Yes,Yes,18000,
1909137,34,9,840000,94707,4,Bachelor's,32300,No,No,Yes,No,0,
1909538,51,25,650000,94143,3,Bachelor's,0,No,No,No,No,0,
1909939,61,36,850000,94998,3,Bachelor's,0,No,No,No,No,0,
1910340,56,32,440000,94575,3,Higher Secondary,15300,No,No,Yes,No,0,
1910741,62,38,1740000,94305,1,Higher Secondary,0,No,No,Yes,Yes,47000,
1911142,56,30,1780000,93940,1,Higher Secondary,0,No,No,Yes,No,0,
1911543,58,32,550000,93106,4,Higher Secondary,0,No,No,Yes,No,0,
1911944,58,33,250000,92121,4,Bachelor's,9000,No,No,Yes,Yes,9000,
1912345,50,26,210000,94305,1,Higher Secondary,0,No,No,Yes,No,0,
1912746,44,20,720000,95616,3,Master's and above,0,No,No,Yes,No,0,
1913147,49,23,1290000,94085,1,Higher Secondary,0,No,No,Yes,Yes,3000,
1913548,31,7,180000,95616,1,Master's and above,0,No,No,Yes,No,0,
1913949,49,25,910000,94704,4,Bachelor's,0,No,No,Yes,No,0,
1914350,43,18,380000,94309,1,Master's and above,14400,No,No,Yes,No,0,
1914751,31,5,210000,94115,3,Higher Secondary,0,No,No,Yes,No,0,
1915152,66,41,380000,95134,1,Master's and above,0,No,No,No,Yes,11000,
1915553,41,17,1540000,92697,1,Higher Secondary,0,No,No,No,Yes,17000,
1915954,39,14,1780000,92123,1,Higher Secondary,20700,No,No,Yes,No,0,
1916355,46,21,850000,92867,1,Bachelor's,0,Yes,Yes,Yes,Yes,2000,
1916756,57,33,930000,94025,2,Higher Secondary,16100,No,No,No,No,0,
1917157,59,35,1510000,93106,2,Higher Secondary,0,No,No,Yes,No,0,
1917558,30,4,780000,92677,4,Bachelor's,23600,Yes,No,No,No,0,
1917959,26,2,1350000,94588,1,Higher Secondary,0,No,No,No,No,0,
1918360,46,21,400000,90045,1,Higher Secondary,11600,No,No,No,No,0,
1918761,66,41,800000,92093,4,Bachelor's,0,No,No,Yes,No,0,
1919162,50,25,180000,95819,2,Higher Secondary,0,No,No,No,Yes,0,
1919563,61,35,740000,91320,2,Bachelor's,0,No,No,Yes,Yes,7000,
1919964,37,7,940000,91016,4,Master's and above,23200,No,No,Yes,No,0,
1920365,51,25,1730000,95051,1,Bachelor's,0,No,No,Yes,No,0,
1920766,56,32,880000,95051,4,Bachelor's,0,No,No,Yes,Yes,10000,
1921167,58,34,820000,94025,1,Higher Secondary,26300,No,No,No,No,0,
1921568,41,15,540000,91775,3,Higher Secondary,0,No,No,Yes,No,0,
1921969,35,9,450000,90639,3,Higher Secondary,10100,Yes,No,No,No,0,
1922370,38,14,390000,93118,1,Bachelor's,0,No,No,Yes,No,0,
1922771,26,2,200000,95064,4,Higher Secondary,11600,No,No,No,No,0,
1923172,35,5,930000,90095,4,Master's and above,0,No,No,No,Yes,18000,
1923573,36,11,850000,90502,3,Master's and above,0,No,No,Yes,No,0,
1923974,26,2,950000,92130,3,Higher Secondary,0,No,No,Yes,No,0,
1924375,53,28,480000,92029,2,Bachelor's,0,No,No,Yes,No,0,
1924776,56,32,220000,91768,1,Master's and above,0,No,No,Yes,Yes,12000,
1925177,44,14,330000,94063,1,Master's and above,17100,No,No,No,No,0,
1925578,47,23,400000,95123,2,Master's and above,15600,No,No,Yes,No,0,
1925979,32,8,300000,94534,4,Bachelor's,7800,No,No,Yes,No,0,
1926380,52,27,220000,90755,4,Higher Secondary,0,No,No,Yes,Yes,8000,
1926781,39,14,200000,90747,1,Master's and above,0,No,No,Yes,No,0,
1927182,47,20,490000,92104,3,Bachelor's,0,No,No,Yes,No,0,
1927583,35,9,250000,94526,3,Bachelor's,0,Yes,No,Yes,No,0,
1927984,26,0,1500000,91311,2,Higher Secondary,0,No,No,No,Yes,72000,
1928385,43,19,320000,94720,4,Higher Secondary,0,No,No,No,No,0,
1928786,52,28,90000,90405,2,Higher Secondary,0,No,No,No,No,0,
1929187,30,5,230000,94304,2,Master's and above,0,Yes,No,Yes,No,0,
1929588,36,12,180000,95521,4,Higher Secondary,0,No,No,Yes,Yes,10000,
1929989,48,22,420000,95054,3,Bachelor's,12100,No,No,Yes,No,0,
1930390,36,10,390000,92009,1,Higher Secondary,15300,No,No,No,No,0,
1930791,58,34,840000,95120,4,Bachelor's,0,No,No,Yes,No,0,
1931192,35,11,1010000,94143,3,Master's and above,15000,No,No,Yes,No,0,
1931593,59,35,430000,91791,4,Higher Secondary,0,No,No,No,Yes,4000,
1931994,36,10,280000,90840,4,Higher Secondary,13000,No,No,Yes,No,0,
1932395,45,21,590000,94703,2,Higher Secondary,15500,No,No,Yes,No,0,
1932796,56,30,290000,94110,4,Master's and above,14600,No,No,No,No,0,
1933197,46,21,390000,91710,2,Higher Secondary,10100,No,No,Yes,No,0,
1933598,26,0,420000,95032,4,Master's and above,0,Yes,No,No,No,0,
1933999,37,11,240000,94115,4,Higher Secondary,0,No,No,No,No,0,
1934400,44,20,620000,91604,3,Master's and above,0,No,No,No,Yes,3000,
1934801,44,20,330000,94306,4,Higher Secondary,14200,No,No,No,Yes,3000,
1935202,33,7,730000,94028,1,Higher Secondary,13500,No,No,No,No,0,
1935603,34,10,880000,94404,2,Higher Secondary,12100,No,No,Yes,No,0,
1936004,35,11,580000,91330,3,Higher Secondary,0,No,No,Yes,No,0,
1936405,48,24,480000,92064,2,Master's and above,0,No,No,Yes,No,0,
1936806,58,32,400000,94124,1,Bachelor's,0,No,No,No,No,0,
1937207,30,6,1600000,90630,1,Higher Secondary,24900,No,No,Yes,No,0,
1937608,62,37,390000,93117,3,Higher Secondary,0,No,No,Yes,No,0,
1938009,40,14,530000,90064,1,Higher Secondary,0,No,No,Yes,Yes,20000,
1938410,42,16,320000,90033,1,Bachelor's,0,No,No,No,Yes,5000,
1938811,43,19,320000,94501,3,Bachelor's,0,No,No,No,No,0,
1939212,58,34,110000,92037,2,Higher Secondary,9600,No,No,Yes,No,0,
1939613,36,12,1230000,90502,2,Master's and above,0,No,No,No,No,0,
1940014,29,4,1840000,92126,4,Master's and above,61200,No,No,Yes,No,0,
1940415,49,23,600000,95023,3,Bachelor's,14200,No,No,Yes,Yes,7000,
1940816,60,34,410000,90064,3,Master's and above,0,No,No,No,Yes,22000,
1941217,58,32,990000,92697,2,Higher Secondary,0,No,No,No,Yes,14000,
1941618,50,24,830000,92333,3,Bachelor's,0,No,No,No,Yes,30000,
1942019,46,22,1340000,93305,2,Higher Secondary,0,No,No,No,No,0,
1942420,45,19,850000,94112,2,Bachelor's,0,No,No,Yes,No,0,
1942821,32,6,410000,95833,3,Higher Secondary,17900,No,No,No,No,0,
1943222,42,17,440000,94124,1,Master's and above,0,Yes,Yes,Yes,Yes,3000,
1943623,30,6,620000,95831,1,Higher Secondary,0,No,No,Yes,Yes,1000,
1944024,60,36,1490000,92007,1,Higher Secondary,0,No,No,Yes,No,0,
1944425,46,21,1150000,95616,2,Master's and above,0,Yes,Yes,Yes,Yes,42000,
1944826,32,6,250000,96001,3,Higher Secondary,0,No,No,Yes,No,0,
1945227,56,32,840000,95014,2,Higher Secondary,0,No,No,Yes,No,0,
1945628,56,31,810000,93943,2,Master's and above,22500,No,No,No,No,0,
1946029,30,6,1810000,91203,1,Higher Secondary,23000,No,No,Yes,No,0,
1946430,52,28,620000,90089,1,Master's and above,0,No,No,Yes,No,0,
1946831,31,7,110000,94304,1,Master's and above,8000,No,No,Yes,Yes,5000,
1947232,37,12,600000,95616,4,Master's and above,21700,No,No,Yes,No,0,
1947633,30,6,420000,91711,1,Master's and above,14400,No,No,No,Yes,21000,
1948034,29,4,830000,91950,4,Bachelor's,0,No,No,Yes,Yes,22000,
1948435,49,24,1090000,92647,1,Higher Secondary,0,No,No,No,No,0,
1948836,49,23,700000,94305,1,Higher Secondary,21700,No,No,No,No,0,
1949237,65,39,250000,95370,2,Higher Secondary,11300,No,No,Yes,No,0,
1949638,54,24,720000,93943,3,Master's and above,21800,No,No,No,Yes,14000,
1950039,36,10,1830000,95348,2,Higher Secondary,0,No,No,No,No,0,
1950440,56,30,440000,91330,4,Higher Secondary,0,No,No,No,Yes,25000,
1950841,34,8,520000,95060,4,Higher Secondary,0,No,No,Yes,No,0,
1951242,33,9,180000,91768,4,Bachelor's,0,No,No,Yes,No,0,
1951643,59,35,400000,92870,4,Higher Secondary,13500,No,No,Yes,No,0,
1952044,49,23,1740000,95449,3,Bachelor's,59000,No,No,No,No,0,
1952445,61,34,410000,94123,4,Bachelor's,0,No,No,Yes,No,0,
1952846,31,6,810000,90840,2,Higher Secondary,31300,No,No,No,No,0,
1953247,45,21,1280000,94305,1,Higher Secondary,0,No,No,No,No,0,
1953648,35,10,1350000,94596,3,Bachelor's,0,No,No,Yes,No,0,
1954049,37,11,650000,94143,2,Bachelor's,26000,No,No,Yes,No,0,
1954450,58,32,1450000,94920,2,Higher Secondary,11900,No,No,Yes,No,0,
1954851,49,25,650000,90007,2,Master's and above,0,No,No,Yes,Yes,10000,
1955252,63,39,1190000,91330,1,Higher Secondary,0,Yes,No,Yes,No,0,
1955653,55,31,1240000,93407,2,Higher Secondary,0,No,No,Yes,No,0,
1956054,38,12,330000,94708,4,Master's and above,0,Yes,No,No,Yes,15000,
1956455,45,19,410000,91109,1,Higher Secondary,0,No,No,Yes,No,0,
1956856,44,20,1050000,91730,1,Higher Secondary,0,No,No,No,Yes,47000,
1957257,58,32,1300000,94720,2,Higher Secondary,0,No,No,Yes,No,0,
1957658,56,31,800000,92069,4,Master's and above,0,No,No,Yes,No,0,
1958059,37,13,1150000,90025,1,Bachelor's,0,No,No,Yes,Yes,8000,
1958460,50,24,620000,94550,2,Master's and above,0,No,No,Yes,No,0,
1958861,34,8,1650000,91107,1,Master's and above,54100,No,No,No,No,0,
1959262,51,25,340000,93106,3,Bachelor's,12800,No,No,Yes,No,0,
1959663,49,24,180000,95616,1,Master's and above,12100,No,No,Yes,No,0,
1960064,33,7,440000,95605,1,Higher Secondary,0,No,No,No,No,0,
1960465,61,35,250000,91768,1,Bachelor's,14200,No,No,Yes,No,0,
1960866,41,16,520000,91311,2,Master's and above,0,No,No,Yes,No,0,
1961267,50,24,1330000,90025,4,Bachelor's,34200,No,No,No,Yes,14000,
1961668,41,17,710000,94801,2,Higher Secondary,0,No,No,Yes,Yes,32000,
1962069,38,12,610000,94598,4,Master's and above,0,No,No,Yes,No,0,
1962470,51,27,620000,94063,2,Master's and above,11800,No,No,No,Yes,32000,
1962871,63,39,330000,92121,3,Master's and above,0,No,No,No,Yes,1000,
1963272,55,30,280000,94040,2,Bachelor's,0,No,No,Yes,Yes,20000,
1963673,46,22,530000,95616,4,Higher Secondary,18700,No,No,No,No,0,
1964074,27,3,690000,94305,3,Bachelor's,0,No,No,Yes,Yes,7000,
1964475,59,35,1650000,94309,2,Higher Secondary,0,No,No,Yes,No,0,
1964876,26,0,750000,94061,3,Master's and above,0,No,No,No,No,0,
1965277,61,36,540000,94539,3,Higher Secondary,0,No,No,Yes,No,0,
1965678,44,19,1420000,95054,1,Master's and above,0,No,No,No,No,0,
1966079,53,29,530000,92648,4,Master's and above,0,No,No,No,No,0,
1966480,34,9,410000,92093,1,Higher Secondary,0,No,No,Yes,No,0,
1966881,40,15,430000,90095,4,Higher Secondary,9800,No,No,No,No,0,
1967282,56,32,790000,92037,3,Higher Secondary,0,No,No,Yes,No,0,
1967683,57,32,240000,92346,2,Master's and above,14000,No,No,Yes,No,0,
1968084,43,19,730000,94301,3,Higher Secondary,0,Yes,Yes,Yes,Yes,23300,
1968485,38,13,1290000,92646,3,Master's and above,0,No,Yes,Yes,Yes,41000,
1968886,60,34,500000,95670,3,Master's and above,0,No,No,Yes,Yes,22000,
1969287,54,30,280000,92103,2,Higher Secondary,0,No,No,Yes,No,0,
1969688,51,26,640000,94005,4,Master's and above,0,No,No,No,No,0,
1970089,41,15,490000,90245,3,Master's and above,0,No,Yes,Yes,Yes,9000,
1970490,25,1,1210000,93106,1,Higher Secondary,15800,No,No,Yes,No,0,
1970891,58,28,580000,90073,3,Master's and above,0,No,No,Yes,No,0,
1971292,61,35,510000,93555,3,Master's and above,0,No,No,Yes,No,0,
1971693,56,31,610000,90024,4,Higher Secondary,0,Yes,Yes,Yes,Yes,9000,
1972094,43,19,350000,94112,1,Master's and above,12000,Yes,No,Yes,No,0,
1972495,42,12,390000,94704,3,Master's and above,0,Yes,Yes,Yes,Yes,20000,
1972896,48,22,740000,93950,1,Master's and above,0,Yes,No,No,No,0,
1973297,45,20,2010000,92120,2,Higher Secondary,0,No,No,Yes,Yes,28000,
1973698,40,15,810000,94304,2,Higher Secondary,0,No,No,Yes,No,0,
1974099,43,18,440000,91345,1,Higher Secondary,0,No,No,No,No,0,
1974500,52,26,190000,94143,1,Master's and above,9600,No,No,Yes,No,0,
1974901,54,29,850000,94928,4,Master's and above,29900,No,No,Yes,No,0,
1975302,26,1,740000,90028,4,Higher Secondary,0,No,No,Yes,No,0,
1975703,26,0,540000,96094,3,Bachelor's,0,No,No,Yes,No,0,
1976104,33,8,580000,90505,2,Higher Secondary,0,No,No,Yes,No,0,
1976505,40,15,180000,94534,2,Bachelor's,11900,No,No,Yes,Yes,1000,
1976906,64,40,880000,94305,1,Higher Secondary,24300,No,No,Yes,Yes,38000,
1977307,62,37,190000,93109,3,Higher Secondary,8900,No,No,No,No,0,
1977708,54,28,490000,94608,1,Master's and above,12800,No,No,No,No,0,
1978109,34,9,1010000,94080,3,Bachelor's,0,No,No,No,No,0,
1978510,40,16,1380000,92121,2,Higher Secondary,0,No,No,Yes,No,0,
1978911,41,16,250000,95014,2,Bachelor's,0,No,No,No,Yes,1000,
1979312,48,22,1200000,90291,1,Higher Secondary,0,No,No,Yes,No,0,
1979713,46,22,1530000,94539,2,Higher Secondary,0,No,No,No,No,0,
1980114,51,26,280000,94061,1,Bachelor's,9400,Yes,No,Yes,No,0,
1980515,30,4,1100000,93943,1,Master's and above,0,No,No,Yes,No,0,
1980916,65,39,940000,92374,1,Higher Secondary,0,No,No,No,Yes,20000,
1981317,49,24,480000,93117,1,Bachelor's,0,No,No,No,Yes,13000,
1981718,29,5,1230000,90291,2,Higher Secondary,0,No,No,Yes,No,0,
1982119,36,10,330000,95616,4,Bachelor's,8200,Yes,No,Yes,No,0,
1982520,50,25,420000,90232,2,Bachelor's,11000,No,No,No,Yes,7000,
1982921,41,16,680000,92122,4,Higher Secondary,0,No,No,Yes,Yes,30000,
1983322,42,16,280000,94002,4,Master's and above,9100,No,No,Yes,Yes,15000,
1983723,37,11,420000,95814,3,Master's and above,0,No,No,Yes,Yes,5000,
1984124,31,5,280000,90717,1,Higher Secondary,0,No,No,Yes,Yes,3000,
1984525,40,15,730000,92029,3,Higher Secondary,0,No,No,Yes,Yes,30000,
1984926,36,12,890000,91304,2,Higher Secondary,0,No,No,No,No,0,
1985327,64,39,820000,94025,4,Bachelor's,0,No,No,Yes,No,0,
1985728,37,13,830000,92220,2,Bachelor's,0,No,No,No,Yes,17000,
1986129,43,19,1210000,94720,1,Bachelor's,0,No,Yes,Yes,Yes,7000,
1986530,57,33,280000,90245,1,Master's and above,9800,No,No,Yes,No,0,
1986931,62,36,390000,92028,2,Higher Secondary,0,No,No,Yes,No,0,
1987332,63,38,1100000,90095,3,Bachelor's,10900,No,No,Yes,No,0,
1987733,57,27,550000,95616,1,Master's and above,0,No,No,Yes,No,0,
1988134,59,35,1110000,91107,1,Higher Secondary,0,No,No,Yes,No,0,
1988535,47,23,940000,92029,1,Higher Secondary,0,No,No,Yes,Yes,47000,
1988936,26,0,850000,93950,2,Master's and above,0,No,No,Yes,Yes,16000,
1989337,59,33,810000,94022,2,Higher Secondary,0,No,No,Yes,No,0,
1989738,45,20,940000,92009,3,Master's and above,0,No,No,No,No,0,
1990139,33,8,1620000,94960,1,Higher Secondary,0,No,Yes,Yes,Yes,86000,
1990540,61,35,800000,95973,4,Master's and above,0,No,No,Yes,No,0,
1990941,54,29,700000,92093,3,Bachelor's,11600,No,No,Yes,Yes,20000,
1991342,46,22,190000,92870,3,Higher Secondary,0,No,No,Yes,No,0,
1991743,28,4,1120000,90049,2,Bachelor's,0,No,No,Yes,No,0,
1992144,52,26,1090000,94710,1,Higher Secondary,30800,No,Yes,Yes,Yes,24000,
1992545,26,0,120000,96003,1,Bachelor's,0,No,No,Yes,No,0,
1992946,49,24,330000,92093,3,Bachelor's,0,No,No,Yes,No,0,
1993347,42,18,490000,95351,2,Higher Secondary,10600,No,No,No,Yes,17000,
1993748,51,26,420000,93118,1,Bachelor's,0,No,No,Yes,No,0,
1994149,39,13,410000,95064,2,Higher Secondary,10800,No,No,Yes,Yes,3000,
1994550,44,20,430000,95032,1,Higher Secondary,0,No,No,No,Yes,7000,
1994951,29,5,640000,94114,4,Higher Secondary,24900,No,No,No,Yes,54000,
1995352,47,23,190000,90089,1,Higher Secondary,0,No,No,No,Yes,10000,
1995753,53,27,650000,92124,1,Master's and above,0,No,No,Yes,Yes,22000,
1996154,29,3,530000,94005,4,Master's and above,0,No,No,Yes,No,0,
1996555,47,21,320000,95051,3,Higher Secondary,7500,No,No,Yes,No,0,
1996956,45,19,220000,94904,3,Higher Secondary,0,No,No,Yes,Yes,15000,
1997357,63,37,390000,91207,2,Master's and above,0,No,No,Yes,Yes,7000,
1997758,39,13,590000,94109,4,Master's and above,0,Yes,No,No,Yes,2000,
1998159,29,-1,500000,95842,2,Master's and above,0,No,No,No,Yes,17500,
1998560,50,26,190000,90095,1,Master's and above,0,No,No,No,No,0,
1998961,51,27,550000,93014,1,Bachelor's,19700,Yes,No,Yes,No,0,
1999362,58,28,810000,91604,1,Master's and above,0,No,No,Yes,No,0,
1999763,39,14,1080000,91401,3,Master's and above,0,No,No,Yes,Yes,12000,
2000164,46,20,1220000,90065,3,Master's and above,0,No,Yes,Yes,Yes,30000,
2000565,32,6,980000,95054,2,Master's and above,30600,No,No,No,No,0,
2000966,53,27,1100000,90245,1,Higher Secondary,0,No,No,Yes,No,0,
2001367,29,5,330000,94709,1,Bachelor's,7800,No,No,Yes,No,0,
2001768,41,17,340000,91361,1,Higher Secondary,14300,No,No,No,No,0,
2002169,41,16,690000,92697,1,Bachelor's,0,No,No,Yes,No,0,
2002570,58,32,410000,93022,4,Higher Secondary,0,No,No,Yes,Yes,25000,
2002971,45,19,600000,94143,2,Master's and above,25000,No,No,Yes,No,0,
2003372,37,13,950000,95821,2,Bachelor's,0,No,No,No,Yes,17000,
2003773,58,28,730000,90024,1,Master's and above,0,Yes,No,No,No,0,
2004174,58,32,410000,93401,3,Master's and above,14800,No,No,Yes,Yes,22000,
2004575,31,1,680000,95045,4,Master's and above,0,No,No,Yes,No,0,
2004976,59,33,640000,92867,4,Bachelor's,0,No,No,No,Yes,17000,
2005377,38,11,290000,95207,4,Bachelor's,0,No,No,Yes,No,0,
2005778,29,5,310000,95039,1,Bachelor's,0,No,No,Yes,Yes,18000,
2006179,40,15,540000,90266,3,Master's and above,0,No,No,Yes,No,0,
2006580,57,27,630000,90210,4,Master's and above,0,No,No,Yes,No,0,
2006981,50,26,920000,90740,1,Bachelor's,21300,No,No,No,Yes,26000,
2007382,29,5,1350000,95762,3,Higher Secondary,0,No,Yes,Yes,Yes,53000,
2007783,34,9,1950000,90266,2,Higher Secondary,12200,No,No,Yes,No,0,
2008184,36,10,450000,95126,4,Higher Secondary,0,No,No,No,Yes,2000,
2008585,51,26,720000,95370,1,Higher Secondary,0,No,No,No,No,0,
2008986,27,1,980000,94043,4,Master's and above,0,No,No,No,Yes,23000,
2009387,48,23,300000,94720,3,Bachelor's,16200,No,No,Yes,No,0,
2009788,32,6,780000,95825,1,Master's and above,0,No,No,No,No,0,
2010189,48,23,430000,93943,3,Bachelor's,15900,No,No,Yes,No,0,
2010590,34,8,850000,95134,1,Higher Secondary,13600,No,No,No,Yes,25000,
2010991,24,0,380000,93555,1,Master's and above,0,No,No,Yes,No,0,
2011392,55,25,580000,95023,4,Master's and above,21900,No,No,No,Yes,20000,
2011793,51,25,920000,91330,1,Bachelor's,10000,No,No,No,Yes,19000,
2012194,30,5,130000,90037,4,Master's and above,0,No,No,No,No,0,
2012595,45,21,2180000,91801,2,Higher Secondary,0,No,No,Yes,No,0,
2012996,64,40,750000,94588,3,Master's and above,0,No,No,Yes,No,0,
2013397,29,3,400000,92697,1,Master's and above,0,No,No,Yes,No,0,
2013798,30,4,150000,92037,4,Higher Secondary,8500,No,No,Yes,No,0,
2014199,63,39,240000,93023,2,Master's and above,0,No,No,No,No,0,
2014600,65,40,490000,90034,3,Bachelor's,0,No,No,Yes,No,0,
2015001,28,4,830000,92612,3,Higher Secondary,0,No,No,Yes,Yes,8000,